"","Entity","Code","Year","Month","average_temp","temp_color"
"1","World","OWID_WRL",1940,"January",-0.95,"red"
"2","World","OWID_WRL",1940,"February",-0.86,"red"
"3","World","OWID_WRL",1940,"March",-0.89,"red"
"4","World","OWID_WRL",1940,"April",-0.6,"red"
"5","World","OWID_WRL",1940,"May",-0.52,"red"
"6","World","OWID_WRL",1940,"June",-0.67,"red"
"7","World","OWID_WRL",1940,"July",-0.45,"red"
"8","World","OWID_WRL",1940,"August",-0.5,"red"
"9","World","OWID_WRL",1940,"September",-0.63,"red"
"10","World","OWID_WRL",1940,"October",-0.81,"red"
"11","World","OWID_WRL",1940,"November",-0.76,"red"
"12","World","OWID_WRL",1940,"December",-0.6,"red"
"13","World","OWID_WRL",1941,"January",-0.68,"red"
"14","World","OWID_WRL",1941,"February",-0.54,"red"
"15","World","OWID_WRL",1941,"March",-0.71,"red"
"16","World","OWID_WRL",1941,"April",-0.81,"red"
"17","World","OWID_WRL",1941,"May",-0.61,"red"
"18","World","OWID_WRL",1941,"June",-0.49,"red"
"19","World","OWID_WRL",1941,"July",-0.54,"red"
"20","World","OWID_WRL",1941,"August",-0.47,"red"
"21","World","OWID_WRL",1941,"September",-0.85,"red"
"22","World","OWID_WRL",1941,"October",-0.51,"red"
"23","World","OWID_WRL",1941,"November",-0.78,"red"
"24","World","OWID_WRL",1941,"December",-0.69,"red"
"25","World","OWID_WRL",1942,"January",-0.56,"red"
"26","World","OWID_WRL",1942,"February",-0.8,"red"
"27","World","OWID_WRL",1942,"March",-0.71,"red"
"28","World","OWID_WRL",1942,"April",-0.8,"red"
"29","World","OWID_WRL",1942,"May",-0.61,"red"
"30","World","OWID_WRL",1942,"June",-0.68,"red"
"31","World","OWID_WRL",1942,"July",-0.73,"red"
"32","World","OWID_WRL",1942,"August",-0.75,"red"
"33","World","OWID_WRL",1942,"September",-0.74,"red"
"34","World","OWID_WRL",1942,"October",-0.72,"red"
"35","World","OWID_WRL",1942,"November",-0.87,"red"
"36","World","OWID_WRL",1942,"December",-0.82,"red"
"37","World","OWID_WRL",1943,"January",-0.82,"red"
"38","World","OWID_WRL",1943,"February",-0.68,"red"
"39","World","OWID_WRL",1943,"March",-0.89,"red"
"40","World","OWID_WRL",1943,"April",-0.77,"red"
"41","World","OWID_WRL",1943,"May",-0.63,"red"
"42","World","OWID_WRL",1943,"June",-0.76,"red"
"43","World","OWID_WRL",1943,"July",-0.74,"red"
"44","World","OWID_WRL",1943,"August",-0.78,"red"
"45","World","OWID_WRL",1943,"September",-0.71,"red"
"46","World","OWID_WRL",1943,"October",-0.65,"red"
"47","World","OWID_WRL",1943,"November",-0.68,"red"
"48","World","OWID_WRL",1943,"December",-0.61,"red"
"49","World","OWID_WRL",1944,"January",-0.39,"red"
"50","World","OWID_WRL",1944,"February",-0.5,"red"
"51","World","OWID_WRL",1944,"March",-0.46,"red"
"52","World","OWID_WRL",1944,"April",-0.63,"red"
"53","World","OWID_WRL",1944,"May",-0.6,"red"
"54","World","OWID_WRL",1944,"June",-0.52,"red"
"55","World","OWID_WRL",1944,"July",-0.53,"red"
"56","World","OWID_WRL",1944,"August",-0.47,"red"
"57","World","OWID_WRL",1944,"September",-0.41,"red"
"58","World","OWID_WRL",1944,"October",-0.46,"red"
"59","World","OWID_WRL",1944,"November",-0.69,"red"
"60","World","OWID_WRL",1944,"December",-0.76,"red"
"61","World","OWID_WRL",1945,"January",-0.74,"red"
"62","World","OWID_WRL",1945,"February",-0.92,"red"
"63","World","OWID_WRL",1945,"March",-0.81,"red"
"64","World","OWID_WRL",1945,"April",-0.66,"red"
"65","World","OWID_WRL",1945,"May",-0.73,"red"
"66","World","OWID_WRL",1945,"June",-0.53,"red"
"67","World","OWID_WRL",1945,"July",-0.65,"red"
"68","World","OWID_WRL",1945,"August",-0.34,"red"
"69","World","OWID_WRL",1945,"September",-0.53,"red"
"70","World","OWID_WRL",1945,"October",-0.56,"red"
"71","World","OWID_WRL",1945,"November",-0.76,"red"
"72","World","OWID_WRL",1945,"December",-0.87,"red"
"73","World","OWID_WRL",1946,"January",-0.62,"red"
"74","World","OWID_WRL",1946,"February",-0.73,"red"
"75","World","OWID_WRL",1946,"March",-0.65,"red"
"76","World","OWID_WRL",1946,"April",-0.62,"red"
"77","World","OWID_WRL",1946,"May",-0.55,"red"
"78","World","OWID_WRL",1946,"June",-0.64,"red"
"79","World","OWID_WRL",1946,"July",-0.58,"red"
"80","World","OWID_WRL",1946,"August",-0.67,"red"
"81","World","OWID_WRL",1946,"September",-0.65,"red"
"82","World","OWID_WRL",1946,"October",-0.78,"red"
"83","World","OWID_WRL",1946,"November",-0.72,"red"
"84","World","OWID_WRL",1946,"December",-0.84,"red"
"85","World","OWID_WRL",1947,"January",-0.63,"red"
"86","World","OWID_WRL",1947,"February",-0.73,"red"
"87","World","OWID_WRL",1947,"March",-0.58,"red"
"88","World","OWID_WRL",1947,"April",-0.51,"red"
"89","World","OWID_WRL",1947,"May",-0.57,"red"
"90","World","OWID_WRL",1947,"June",-0.52,"red"
"91","World","OWID_WRL",1947,"July",-0.54,"red"
"92","World","OWID_WRL",1947,"August",-0.66,"red"
"93","World","OWID_WRL",1947,"September",-0.69,"red"
"94","World","OWID_WRL",1947,"October",-0.58,"red"
"95","World","OWID_WRL",1947,"November",-0.69,"red"
"96","World","OWID_WRL",1947,"December",-0.82,"red"
"97","World","OWID_WRL",1948,"January",-0.65,"red"
"98","World","OWID_WRL",1948,"February",-0.84,"red"
"99","World","OWID_WRL",1948,"March",-0.89,"red"
"100","World","OWID_WRL",1948,"April",-0.74,"red"
"101","World","OWID_WRL",1948,"May",-0.55,"red"
"102","World","OWID_WRL",1948,"June",-0.6,"red"
"103","World","OWID_WRL",1948,"July",-0.6,"red"
"104","World","OWID_WRL",1948,"August",-0.57,"red"
"105","World","OWID_WRL",1948,"September",-0.72,"red"
"106","World","OWID_WRL",1948,"October",-0.58,"red"
"107","World","OWID_WRL",1948,"November",-0.62,"red"
"108","World","OWID_WRL",1948,"December",-0.9,"red"
"109","World","OWID_WRL",1949,"January",-0.54,"red"
"110","World","OWID_WRL",1949,"February",-0.75,"red"
"111","World","OWID_WRL",1949,"March",-0.7,"red"
"112","World","OWID_WRL",1949,"April",-0.73,"red"
"113","World","OWID_WRL",1949,"May",-0.61,"red"
"114","World","OWID_WRL",1949,"June",-0.68,"red"
"115","World","OWID_WRL",1949,"July",-0.56,"red"
"116","World","OWID_WRL",1949,"August",-0.67,"red"
"117","World","OWID_WRL",1949,"September",-0.63,"red"
"118","World","OWID_WRL",1949,"October",-0.67,"red"
"119","World","OWID_WRL",1949,"November",-0.65,"red"
"120","World","OWID_WRL",1949,"December",-0.67,"red"
"121","World","OWID_WRL",1950,"January",-0.91,"red"
"122","World","OWID_WRL",1950,"February",-0.94,"red"
"123","World","OWID_WRL",1950,"March",-0.77,"red"
"124","World","OWID_WRL",1950,"April",-0.84,"red"
"125","World","OWID_WRL",1950,"May",-0.7,"red"
"126","World","OWID_WRL",1950,"June",-0.64,"red"
"127","World","OWID_WRL",1950,"July",-0.71,"red"
"128","World","OWID_WRL",1950,"August",-0.82,"red"
"129","World","OWID_WRL",1950,"September",-0.66,"red"
"130","World","OWID_WRL",1950,"October",-0.65,"red"
"131","World","OWID_WRL",1950,"November",-0.9,"red"
"132","World","OWID_WRL",1950,"December",-0.66,"red"
"133","World","OWID_WRL",1951,"January",-0.92,"red"
"134","World","OWID_WRL",1951,"February",-1.05,"red"
"135","World","OWID_WRL",1951,"March",-0.85,"red"
"136","World","OWID_WRL",1951,"April",-0.72,"red"
"137","World","OWID_WRL",1951,"May",-0.41,"red"
"138","World","OWID_WRL",1951,"June",-0.5,"red"
"139","World","OWID_WRL",1951,"July",-0.67,"red"
"140","World","OWID_WRL",1951,"August",-0.49,"red"
"141","World","OWID_WRL",1951,"September",-0.49,"red"
"142","World","OWID_WRL",1951,"October",-0.48,"red"
"143","World","OWID_WRL",1951,"November",-0.58,"red"
"144","World","OWID_WRL",1951,"December",-0.46,"red"
"145","World","OWID_WRL",1952,"January",-0.51,"red"
"146","World","OWID_WRL",1952,"February",-0.59,"red"
"147","World","OWID_WRL",1952,"March",-0.74,"red"
"148","World","OWID_WRL",1952,"April",-0.71,"red"
"149","World","OWID_WRL",1952,"May",-0.56,"red"
"150","World","OWID_WRL",1952,"June",-0.54,"red"
"151","World","OWID_WRL",1952,"July",-0.54,"red"
"152","World","OWID_WRL",1952,"August",-0.69,"red"
"153","World","OWID_WRL",1952,"September",-0.61,"red"
"154","World","OWID_WRL",1952,"October",-0.69,"red"
"155","World","OWID_WRL",1952,"November",-0.91,"red"
"156","World","OWID_WRL",1952,"December",-0.7,"red"
"157","World","OWID_WRL",1953,"January",-0.65,"red"
"158","World","OWID_WRL",1953,"February",-0.61,"red"
"159","World","OWID_WRL",1953,"March",-0.65,"red"
"160","World","OWID_WRL",1953,"April",-0.5,"red"
"161","World","OWID_WRL",1953,"May",-0.39,"red"
"162","World","OWID_WRL",1953,"June",-0.52,"red"
"163","World","OWID_WRL",1953,"July",-0.5,"red"
"164","World","OWID_WRL",1953,"August",-0.53,"red"
"165","World","OWID_WRL",1953,"September",-0.63,"red"
"166","World","OWID_WRL",1953,"October",-0.6,"red"
"167","World","OWID_WRL",1953,"November",-0.69,"red"
"168","World","OWID_WRL",1953,"December",-0.6,"red"
"169","World","OWID_WRL",1954,"January",-0.88,"red"
"170","World","OWID_WRL",1954,"February",-0.8,"red"
"171","World","OWID_WRL",1954,"March",-0.75,"red"
"172","World","OWID_WRL",1954,"April",-0.77,"red"
"173","World","OWID_WRL",1954,"May",-0.64,"red"
"174","World","OWID_WRL",1954,"June",-0.73,"red"
"175","World","OWID_WRL",1954,"July",-0.73,"red"
"176","World","OWID_WRL",1954,"August",-0.8,"red"
"177","World","OWID_WRL",1954,"September",-0.88,"red"
"178","World","OWID_WRL",1954,"October",-0.77,"red"
"179","World","OWID_WRL",1954,"November",-0.68,"red"
"180","World","OWID_WRL",1954,"December",-0.81,"red"
"181","World","OWID_WRL",1955,"January",-0.58,"red"
"182","World","OWID_WRL",1955,"February",-0.92,"red"
"183","World","OWID_WRL",1955,"March",-1.02,"red"
"184","World","OWID_WRL",1955,"April",-0.84,"red"
"185","World","OWID_WRL",1955,"May",-0.72,"red"
"186","World","OWID_WRL",1955,"June",-0.72,"red"
"187","World","OWID_WRL",1955,"July",-0.76,"red"
"188","World","OWID_WRL",1955,"August",-0.6,"red"
"189","World","OWID_WRL",1955,"September",-0.68,"red"
"190","World","OWID_WRL",1955,"October",-0.74,"red"
"191","World","OWID_WRL",1955,"November",-0.92,"red"
"192","World","OWID_WRL",1955,"December",-0.95,"red"
"193","World","OWID_WRL",1956,"January",-0.76,"red"
"194","World","OWID_WRL",1956,"February",-0.88,"red"
"195","World","OWID_WRL",1956,"March",-0.84,"red"
"196","World","OWID_WRL",1956,"April",-0.88,"red"
"197","World","OWID_WRL",1956,"May",-0.84,"red"
"198","World","OWID_WRL",1956,"June",-0.8,"red"
"199","World","OWID_WRL",1956,"July",-0.78,"red"
"200","World","OWID_WRL",1956,"August",-0.88,"red"
"201","World","OWID_WRL",1956,"September",-0.92,"red"
"202","World","OWID_WRL",1956,"October",-0.99,"red"
"203","World","OWID_WRL",1956,"November",-0.85,"red"
"204","World","OWID_WRL",1956,"December",-0.75,"red"
"205","World","OWID_WRL",1957,"January",-0.79,"red"
"206","World","OWID_WRL",1957,"February",-0.8,"red"
"207","World","OWID_WRL",1957,"March",-0.8,"red"
"208","World","OWID_WRL",1957,"April",-0.66,"red"
"209","World","OWID_WRL",1957,"May",-0.54,"red"
"210","World","OWID_WRL",1957,"June",-0.47,"red"
"211","World","OWID_WRL",1957,"July",-0.58,"red"
"212","World","OWID_WRL",1957,"August",-0.53,"red"
"213","World","OWID_WRL",1957,"September",-0.53,"red"
"214","World","OWID_WRL",1957,"October",-0.52,"red"
"215","World","OWID_WRL",1957,"November",-0.51,"red"
"216","World","OWID_WRL",1957,"December",-0.46,"red"
"217","World","OWID_WRL",1958,"January",-0.3,"red"
"218","World","OWID_WRL",1958,"February",-0.47,"red"
"219","World","OWID_WRL",1958,"March",-0.53,"red"
"220","World","OWID_WRL",1958,"April",-0.54,"red"
"221","World","OWID_WRL",1958,"May",-0.43,"red"
"222","World","OWID_WRL",1958,"June",-0.54,"red"
"223","World","OWID_WRL",1958,"July",-0.49,"red"
"224","World","OWID_WRL",1958,"August",-0.58,"red"
"225","World","OWID_WRL",1958,"September",-0.66,"red"
"226","World","OWID_WRL",1958,"October",-0.62,"red"
"227","World","OWID_WRL",1958,"November",-0.63,"red"
"228","World","OWID_WRL",1958,"December",-0.61,"red"
"229","World","OWID_WRL",1959,"January",-0.51,"red"
"230","World","OWID_WRL",1959,"February",-0.56,"red"
"231","World","OWID_WRL",1959,"March",-0.43,"red"
"232","World","OWID_WRL",1959,"April",-0.47,"red"
"233","World","OWID_WRL",1959,"May",-0.53,"red"
"234","World","OWID_WRL",1959,"June",-0.52,"red"
"235","World","OWID_WRL",1959,"July",-0.53,"red"
"236","World","OWID_WRL",1959,"August",-0.59,"red"
"237","World","OWID_WRL",1959,"September",-0.7,"red"
"238","World","OWID_WRL",1959,"October",-0.64,"red"
"239","World","OWID_WRL",1959,"November",-0.74,"red"
"240","World","OWID_WRL",1959,"December",-0.59,"red"
"241","World","OWID_WRL",1960,"January",-0.57,"red"
"242","World","OWID_WRL",1960,"February",-0.49,"red"
"243","World","OWID_WRL",1960,"March",-0.91,"red"
"244","World","OWID_WRL",1960,"April",-0.74,"red"
"245","World","OWID_WRL",1960,"May",-0.62,"red"
"246","World","OWID_WRL",1960,"June",-0.57,"red"
"247","World","OWID_WRL",1960,"July",-0.58,"red"
"248","World","OWID_WRL",1960,"August",-0.53,"red"
"249","World","OWID_WRL",1960,"September",-0.62,"red"
"250","World","OWID_WRL",1960,"October",-0.57,"red"
"251","World","OWID_WRL",1960,"November",-0.72,"red"
"252","World","OWID_WRL",1960,"December",-0.43,"red"
"253","World","OWID_WRL",1961,"January",-0.52,"red"
"254","World","OWID_WRL",1961,"February",-0.49,"red"
"255","World","OWID_WRL",1961,"March",-0.56,"red"
"256","World","OWID_WRL",1961,"April",-0.52,"red"
"257","World","OWID_WRL",1961,"May",-0.43,"red"
"258","World","OWID_WRL",1961,"June",-0.46,"red"
"259","World","OWID_WRL",1961,"July",-0.49,"red"
"260","World","OWID_WRL",1961,"August",-0.55,"red"
"261","World","OWID_WRL",1961,"September",-0.52,"red"
"262","World","OWID_WRL",1961,"October",-0.58,"red"
"263","World","OWID_WRL",1961,"November",-0.61,"red"
"264","World","OWID_WRL",1961,"December",-0.72,"red"
"265","World","OWID_WRL",1962,"January",-0.59,"red"
"266","World","OWID_WRL",1962,"February",-0.53,"red"
"267","World","OWID_WRL",1962,"March",-0.56,"red"
"268","World","OWID_WRL",1962,"April",-0.59,"red"
"269","World","OWID_WRL",1962,"May",-0.63,"red"
"270","World","OWID_WRL",1962,"June",-0.65,"red"
"271","World","OWID_WRL",1962,"July",-0.54,"red"
"272","World","OWID_WRL",1962,"August",-0.6,"red"
"273","World","OWID_WRL",1962,"September",-0.65,"red"
"274","World","OWID_WRL",1962,"October",-0.61,"red"
"275","World","OWID_WRL",1962,"November",-0.6,"red"
"276","World","OWID_WRL",1962,"December",-0.62,"red"
"277","World","OWID_WRL",1963,"January",-0.65,"red"
"278","World","OWID_WRL",1963,"February",-0.53,"red"
"279","World","OWID_WRL",1963,"March",-0.85,"red"
"280","World","OWID_WRL",1963,"April",-0.73,"red"
"281","World","OWID_WRL",1963,"May",-0.62,"red"
"282","World","OWID_WRL",1963,"June",-0.52,"red"
"283","World","OWID_WRL",1963,"July",-0.43,"red"
"284","World","OWID_WRL",1963,"August",-0.35,"red"
"285","World","OWID_WRL",1963,"September",-0.45,"red"
"286","World","OWID_WRL",1963,"October",-0.5,"red"
"287","World","OWID_WRL",1963,"November",-0.51,"red"
"288","World","OWID_WRL",1963,"December",-0.58,"red"
"289","World","OWID_WRL",1964,"January",-0.64,"red"
"290","World","OWID_WRL",1964,"February",-0.68,"red"
"291","World","OWID_WRL",1964,"March",-0.84,"red"
"292","World","OWID_WRL",1964,"April",-0.87,"red"
"293","World","OWID_WRL",1964,"May",-0.71,"red"
"294","World","OWID_WRL",1964,"June",-0.64,"red"
"295","World","OWID_WRL",1964,"July",-0.5,"red"
"296","World","OWID_WRL",1964,"August",-0.69,"red"
"297","World","OWID_WRL",1964,"September",-0.9,"red"
"298","World","OWID_WRL",1964,"October",-1,"red"
"299","World","OWID_WRL",1964,"November",-0.88,"red"
"300","World","OWID_WRL",1964,"December",-0.91,"red"
"301","World","OWID_WRL",1965,"January",-0.74,"red"
"302","World","OWID_WRL",1965,"February",-0.84,"red"
"303","World","OWID_WRL",1965,"March",-0.78,"red"
"304","World","OWID_WRL",1965,"April",-0.8,"red"
"305","World","OWID_WRL",1965,"May",-0.63,"red"
"306","World","OWID_WRL",1965,"June",-0.67,"red"
"307","World","OWID_WRL",1965,"July",-0.63,"red"
"308","World","OWID_WRL",1965,"August",-0.67,"red"
"309","World","OWID_WRL",1965,"September",-0.72,"red"
"310","World","OWID_WRL",1965,"October",-0.68,"red"
"311","World","OWID_WRL",1965,"November",-0.69,"red"
"312","World","OWID_WRL",1965,"December",-0.66,"red"
"313","World","OWID_WRL",1966,"January",-0.74,"red"
"314","World","OWID_WRL",1966,"February",-0.67,"red"
"315","World","OWID_WRL",1966,"March",-0.63,"red"
"316","World","OWID_WRL",1966,"April",-0.7,"red"
"317","World","OWID_WRL",1966,"May",-0.62,"red"
"318","World","OWID_WRL",1966,"June",-0.51,"red"
"319","World","OWID_WRL",1966,"July",-0.41,"red"
"320","World","OWID_WRL",1966,"August",-0.58,"red"
"321","World","OWID_WRL",1966,"September",-0.6,"red"
"322","World","OWID_WRL",1966,"October",-0.78,"red"
"323","World","OWID_WRL",1966,"November",-0.7,"red"
"324","World","OWID_WRL",1966,"December",-0.66,"red"
"325","World","OWID_WRL",1967,"January",-0.73,"red"
"326","World","OWID_WRL",1967,"February",-0.91,"red"
"327","World","OWID_WRL",1967,"March",-0.64,"red"
"328","World","OWID_WRL",1967,"April",-0.66,"red"
"329","World","OWID_WRL",1967,"May",-0.42,"red"
"330","World","OWID_WRL",1967,"June",-0.59,"red"
"331","World","OWID_WRL",1967,"July",-0.53,"red"
"332","World","OWID_WRL",1967,"August",-0.57,"red"
"333","World","OWID_WRL",1967,"September",-0.58,"red"
"334","World","OWID_WRL",1967,"October",-0.52,"red"
"335","World","OWID_WRL",1967,"November",-0.67,"red"
"336","World","OWID_WRL",1967,"December",-0.61,"red"
"337","World","OWID_WRL",1968,"January",-0.84,"red"
"338","World","OWID_WRL",1968,"February",-0.78,"red"
"339","World","OWID_WRL",1968,"March",-0.53,"red"
"340","World","OWID_WRL",1968,"April",-0.69,"red"
"341","World","OWID_WRL",1968,"May",-0.64,"red"
"342","World","OWID_WRL",1968,"June",-0.69,"red"
"343","World","OWID_WRL",1968,"July",-0.59,"red"
"344","World","OWID_WRL",1968,"August",-0.65,"red"
"345","World","OWID_WRL",1968,"September",-0.74,"red"
"346","World","OWID_WRL",1968,"October",-0.56,"red"
"347","World","OWID_WRL",1968,"November",-0.71,"red"
"348","World","OWID_WRL",1968,"December",-0.74,"red"
"349","World","OWID_WRL",1969,"January",-0.7,"red"
"350","World","OWID_WRL",1969,"February",-0.77,"red"
"351","World","OWID_WRL",1969,"March",-0.62,"red"
"352","World","OWID_WRL",1969,"April",-0.46,"red"
"353","World","OWID_WRL",1969,"May",-0.37,"red"
"354","World","OWID_WRL",1969,"June",-0.48,"red"
"355","World","OWID_WRL",1969,"July",-0.53,"red"
"356","World","OWID_WRL",1969,"August",-0.66,"red"
"357","World","OWID_WRL",1969,"September",-0.58,"red"
"358","World","OWID_WRL",1969,"October",-0.61,"red"
"359","World","OWID_WRL",1969,"November",-0.48,"red"
"360","World","OWID_WRL",1969,"December",-0.35,"red"
"361","World","OWID_WRL",1970,"January",-0.5,"red"
"362","World","OWID_WRL",1970,"February",-0.47,"red"
"363","World","OWID_WRL",1970,"March",-0.59,"red"
"364","World","OWID_WRL",1970,"April",-0.48,"red"
"365","World","OWID_WRL",1970,"May",-0.55,"red"
"366","World","OWID_WRL",1970,"June",-0.5,"red"
"367","World","OWID_WRL",1970,"July",-0.52,"red"
"368","World","OWID_WRL",1970,"August",-0.68,"red"
"369","World","OWID_WRL",1970,"September",-0.61,"red"
"370","World","OWID_WRL",1970,"October",-0.64,"red"
"371","World","OWID_WRL",1970,"November",-0.66,"red"
"372","World","OWID_WRL",1970,"December",-0.7,"red"
"373","World","OWID_WRL",1971,"January",-0.66,"red"
"374","World","OWID_WRL",1971,"February",-0.85,"red"
"375","World","OWID_WRL",1971,"March",-0.81,"red"
"376","World","OWID_WRL",1971,"April",-0.71,"red"
"377","World","OWID_WRL",1971,"May",-0.69,"red"
"378","World","OWID_WRL",1971,"June",-0.72,"red"
"379","World","OWID_WRL",1971,"July",-0.7,"red"
"380","World","OWID_WRL",1971,"August",-0.7,"red"
"381","World","OWID_WRL",1971,"September",-0.68,"red"
"382","World","OWID_WRL",1971,"October",-0.79,"red"
"383","World","OWID_WRL",1971,"November",-0.75,"red"
"384","World","OWID_WRL",1971,"December",-0.69,"red"
"385","World","OWID_WRL",1972,"January",-0.87,"red"
"386","World","OWID_WRL",1972,"February",-0.91,"red"
"387","World","OWID_WRL",1972,"March",-0.72,"red"
"388","World","OWID_WRL",1972,"April",-0.61,"red"
"389","World","OWID_WRL",1972,"May",-0.57,"red"
"390","World","OWID_WRL",1972,"June",-0.41,"red"
"391","World","OWID_WRL",1972,"July",-0.42,"red"
"392","World","OWID_WRL",1972,"August",-0.46,"red"
"393","World","OWID_WRL",1972,"September",-0.55,"red"
"394","World","OWID_WRL",1972,"October",-0.55,"red"
"395","World","OWID_WRL",1972,"November",-0.64,"red"
"396","World","OWID_WRL",1972,"December",-0.44,"red"
"397","World","OWID_WRL",1973,"January",-0.36,"red"
"398","World","OWID_WRL",1973,"February",-0.33,"red"
"399","World","OWID_WRL",1973,"March",-0.44,"red"
"400","World","OWID_WRL",1973,"April",-0.42,"red"
"401","World","OWID_WRL",1973,"May",-0.37,"red"
"402","World","OWID_WRL",1973,"June",-0.46,"red"
"403","World","OWID_WRL",1973,"July",-0.45,"red"
"404","World","OWID_WRL",1973,"August",-0.62,"red"
"405","World","OWID_WRL",1973,"September",-0.59,"red"
"406","World","OWID_WRL",1973,"October",-0.64,"red"
"407","World","OWID_WRL",1973,"November",-0.61,"red"
"408","World","OWID_WRL",1973,"December",-0.61,"red"
"409","World","OWID_WRL",1974,"January",-0.74,"red"
"410","World","OWID_WRL",1974,"February",-0.95,"red"
"411","World","OWID_WRL",1974,"March",-0.79,"red"
"412","World","OWID_WRL",1974,"April",-0.76,"red"
"413","World","OWID_WRL",1974,"May",-0.73,"red"
"414","World","OWID_WRL",1974,"June",-0.72,"red"
"415","World","OWID_WRL",1974,"July",-0.7,"red"
"416","World","OWID_WRL",1974,"August",-0.62,"red"
"417","World","OWID_WRL",1974,"September",-0.79,"red"
"418","World","OWID_WRL",1974,"October",-0.83,"red"
"419","World","OWID_WRL",1974,"November",-0.8,"red"
"420","World","OWID_WRL",1974,"December",-0.76,"red"
"421","World","OWID_WRL",1975,"January",-0.64,"red"
"422","World","OWID_WRL",1975,"February",-0.66,"red"
"423","World","OWID_WRL",1975,"March",-0.61,"red"
"424","World","OWID_WRL",1975,"April",-0.64,"red"
"425","World","OWID_WRL",1975,"May",-0.63,"red"
"426","World","OWID_WRL",1975,"June",-0.69,"red"
"427","World","OWID_WRL",1975,"July",-0.73,"red"
"428","World","OWID_WRL",1975,"August",-0.84,"red"
"429","World","OWID_WRL",1975,"September",-0.84,"red"
"430","World","OWID_WRL",1975,"October",-0.93,"red"
"431","World","OWID_WRL",1975,"November",-0.88,"red"
"432","World","OWID_WRL",1975,"December",-0.82,"red"
"433","World","OWID_WRL",1976,"January",-0.73,"red"
"434","World","OWID_WRL",1976,"February",-0.9,"red"
"435","World","OWID_WRL",1976,"March",-1.01,"red"
"436","World","OWID_WRL",1976,"April",-0.82,"red"
"437","World","OWID_WRL",1976,"May",-0.88,"red"
"438","World","OWID_WRL",1976,"June",-0.74,"red"
"439","World","OWID_WRL",1976,"July",-0.66,"red"
"440","World","OWID_WRL",1976,"August",-0.75,"red"
"441","World","OWID_WRL",1976,"September",-0.7,"red"
"442","World","OWID_WRL",1976,"October",-1.06,"red"
"443","World","OWID_WRL",1976,"November",-0.82,"red"
"444","World","OWID_WRL",1976,"December",-0.67,"red"
"445","World","OWID_WRL",1977,"January",-0.54,"red"
"446","World","OWID_WRL",1977,"February",-0.59,"red"
"447","World","OWID_WRL",1977,"March",-0.58,"red"
"448","World","OWID_WRL",1977,"April",-0.51,"red"
"449","World","OWID_WRL",1977,"May",-0.41,"red"
"450","World","OWID_WRL",1977,"June",-0.39,"red"
"451","World","OWID_WRL",1977,"July",-0.44,"red"
"452","World","OWID_WRL",1977,"August",-0.47,"red"
"453","World","OWID_WRL",1977,"September",-0.65,"red"
"454","World","OWID_WRL",1977,"October",-0.72,"red"
"455","World","OWID_WRL",1977,"November",-0.48,"red"
"456","World","OWID_WRL",1977,"December",-0.54,"red"
"457","World","OWID_WRL",1978,"January",-0.56,"red"
"458","World","OWID_WRL",1978,"February",-0.58,"red"
"459","World","OWID_WRL",1978,"March",-0.57,"red"
"460","World","OWID_WRL",1978,"April",-0.55,"red"
"461","World","OWID_WRL",1978,"May",-0.49,"red"
"462","World","OWID_WRL",1978,"June",-0.63,"red"
"463","World","OWID_WRL",1978,"July",-0.49,"red"
"464","World","OWID_WRL",1978,"August",-0.72,"red"
"465","World","OWID_WRL",1978,"September",-0.68,"red"
"466","World","OWID_WRL",1978,"October",-0.7,"red"
"467","World","OWID_WRL",1978,"November",-0.53,"red"
"468","World","OWID_WRL",1978,"December",-0.51,"red"
"469","World","OWID_WRL",1979,"January",-0.42,"red"
"470","World","OWID_WRL",1979,"February",-0.69,"red"
"471","World","OWID_WRL",1979,"March",-0.49,"red"
"472","World","OWID_WRL",1979,"April",-0.51,"red"
"473","World","OWID_WRL",1979,"May",-0.45,"red"
"474","World","OWID_WRL",1979,"June",-0.43,"red"
"475","World","OWID_WRL",1979,"July",-0.5,"red"
"476","World","OWID_WRL",1979,"August",-0.41,"red"
"477","World","OWID_WRL",1979,"September",-0.38,"red"
"478","World","OWID_WRL",1979,"October",-0.36,"red"
"479","World","OWID_WRL",1979,"November",-0.38,"red"
"480","World","OWID_WRL",1979,"December",-0.13,"red"
"481","World","OWID_WRL",1980,"January",-0.3,"red"
"482","World","OWID_WRL",1980,"February",-0.25,"red"
"483","World","OWID_WRL",1980,"March",-0.28,"red"
"484","World","OWID_WRL",1980,"April",-0.18,"red"
"485","World","OWID_WRL",1980,"May",-0.09,"red"
"486","World","OWID_WRL",1980,"June",-0.25,"red"
"487","World","OWID_WRL",1980,"July",-0.21,"red"
"488","World","OWID_WRL",1980,"August",-0.28,"red"
"489","World","OWID_WRL",1980,"September",-0.37,"red"
"490","World","OWID_WRL",1980,"October",-0.46,"red"
"491","World","OWID_WRL",1980,"November",-0.43,"red"
"492","World","OWID_WRL",1980,"December",-0.47,"red"
"493","World","OWID_WRL",1981,"January",-0.17,"red"
"494","World","OWID_WRL",1981,"February",-0.25,"red"
"495","World","OWID_WRL",1981,"March",-0.16,"red"
"496","World","OWID_WRL",1981,"April",-0.21,"red"
"497","World","OWID_WRL",1981,"May",-0.23,"red"
"498","World","OWID_WRL",1981,"June",-0.25,"red"
"499","World","OWID_WRL",1981,"July",-0.24,"red"
"500","World","OWID_WRL",1981,"August",-0.24,"red"
"501","World","OWID_WRL",1981,"September",-0.34,"red"
"502","World","OWID_WRL",1981,"October",-0.42,"red"
"503","World","OWID_WRL",1981,"November",-0.43,"red"
"504","World","OWID_WRL",1981,"December",-0.23,"red"
"505","World","OWID_WRL",1982,"January",-0.58,"red"
"506","World","OWID_WRL",1982,"February",-0.49,"red"
"507","World","OWID_WRL",1982,"March",-0.64,"red"
"508","World","OWID_WRL",1982,"April",-0.54,"red"
"509","World","OWID_WRL",1982,"May",-0.37,"red"
"510","World","OWID_WRL",1982,"June",-0.42,"red"
"511","World","OWID_WRL",1982,"July",-0.34,"red"
"512","World","OWID_WRL",1982,"August",-0.45,"red"
"513","World","OWID_WRL",1982,"September",-0.47,"red"
"514","World","OWID_WRL",1982,"October",-0.52,"red"
"515","World","OWID_WRL",1982,"November",-0.52,"red"
"516","World","OWID_WRL",1982,"December",-0.23,"red"
"517","World","OWID_WRL",1983,"January",-0.15,"red"
"518","World","OWID_WRL",1983,"February",-0.19,"red"
"519","World","OWID_WRL",1983,"March",-0.19,"red"
"520","World","OWID_WRL",1983,"April",-0.28,"red"
"521","World","OWID_WRL",1983,"May",-0.13,"red"
"522","World","OWID_WRL",1983,"June",-0.27,"red"
"523","World","OWID_WRL",1983,"July",-0.32,"red"
"524","World","OWID_WRL",1983,"August",-0.25,"red"
"525","World","OWID_WRL",1983,"September",-0.2,"red"
"526","World","OWID_WRL",1983,"October",-0.48,"red"
"527","World","OWID_WRL",1983,"November",-0.35,"red"
"528","World","OWID_WRL",1983,"December",-0.42,"red"
"529","World","OWID_WRL",1984,"January",-0.4,"red"
"530","World","OWID_WRL",1984,"February",-0.56,"red"
"531","World","OWID_WRL",1984,"March",-0.39,"red"
"532","World","OWID_WRL",1984,"April",-0.47,"red"
"533","World","OWID_WRL",1984,"May",-0.21,"red"
"534","World","OWID_WRL",1984,"June",-0.51,"red"
"535","World","OWID_WRL",1984,"July",-0.53,"red"
"536","World","OWID_WRL",1984,"August",-0.44,"red"
"537","World","OWID_WRL",1984,"September",-0.49,"red"
"538","World","OWID_WRL",1984,"October",-0.52,"red"
"539","World","OWID_WRL",1984,"November",-0.65,"red"
"540","World","OWID_WRL",1984,"December",-0.6,"red"
"541","World","OWID_WRL",1985,"January",-0.42,"red"
"542","World","OWID_WRL",1985,"February",-0.69,"red"
"543","World","OWID_WRL",1985,"March",-0.53,"red"
"544","World","OWID_WRL",1985,"April",-0.47,"red"
"545","World","OWID_WRL",1985,"May",-0.44,"red"
"546","World","OWID_WRL",1985,"June",-0.47,"red"
"547","World","OWID_WRL",1985,"July",-0.54,"red"
"548","World","OWID_WRL",1985,"August",-0.39,"red"
"549","World","OWID_WRL",1985,"September",-0.52,"red"
"550","World","OWID_WRL",1985,"October",-0.65,"red"
"551","World","OWID_WRL",1985,"November",-0.59,"red"
"552","World","OWID_WRL",1985,"December",-0.55,"red"
"553","World","OWID_WRL",1986,"January",-0.43,"red"
"554","World","OWID_WRL",1986,"February",-0.38,"red"
"555","World","OWID_WRL",1986,"March",-0.41,"red"
"556","World","OWID_WRL",1986,"April",-0.3,"red"
"557","World","OWID_WRL",1986,"May",-0.27,"red"
"558","World","OWID_WRL",1986,"June",-0.45,"red"
"559","World","OWID_WRL",1986,"July",-0.45,"red"
"560","World","OWID_WRL",1986,"August",-0.44,"red"
"561","World","OWID_WRL",1986,"September",-0.53,"red"
"562","World","OWID_WRL",1986,"October",-0.59,"red"
"563","World","OWID_WRL",1986,"November",-0.5,"red"
"564","World","OWID_WRL",1986,"December",-0.45,"red"
"565","World","OWID_WRL",1987,"January",-0.33,"red"
"566","World","OWID_WRL",1987,"February",-0.29,"red"
"567","World","OWID_WRL",1987,"March",-0.48,"red"
"568","World","OWID_WRL",1987,"April",-0.33,"red"
"569","World","OWID_WRL",1987,"May",-0.27,"red"
"570","World","OWID_WRL",1987,"June",-0.19,"red"
"571","World","OWID_WRL",1987,"July",-0.09,"red"
"572","World","OWID_WRL",1987,"August",-0.27,"red"
"573","World","OWID_WRL",1987,"September",-0.22,"red"
"574","World","OWID_WRL",1987,"October",-0.35,"red"
"575","World","OWID_WRL",1987,"November",-0.37,"red"
"576","World","OWID_WRL",1987,"December",-0.13,"red"
"577","World","OWID_WRL",1988,"January",-0.13,"red"
"578","World","OWID_WRL",1988,"February",-0.33,"red"
"579","World","OWID_WRL",1988,"March",-0.19,"red"
"580","World","OWID_WRL",1988,"April",-0.19,"red"
"581","World","OWID_WRL",1988,"May",-0.1,"red"
"582","World","OWID_WRL",1988,"June",-0.16,"red"
"583","World","OWID_WRL",1988,"July",-0.2,"red"
"584","World","OWID_WRL",1988,"August",-0.17,"red"
"585","World","OWID_WRL",1988,"September",-0.19,"red"
"586","World","OWID_WRL",1988,"October",-0.35,"red"
"587","World","OWID_WRL",1988,"November",-0.57,"red"
"588","World","OWID_WRL",1988,"December",-0.37,"red"
"589","World","OWID_WRL",1989,"January",-0.6,"red"
"590","World","OWID_WRL",1989,"February",-0.34,"red"
"591","World","OWID_WRL",1989,"March",-0.36,"red"
"592","World","OWID_WRL",1989,"April",-0.31,"red"
"593","World","OWID_WRL",1989,"May",-0.41,"red"
"594","World","OWID_WRL",1989,"June",-0.41,"red"
"595","World","OWID_WRL",1989,"July",-0.24,"red"
"596","World","OWID_WRL",1989,"August",-0.32,"red"
"597","World","OWID_WRL",1989,"September",-0.28,"red"
"598","World","OWID_WRL",1989,"October",-0.38,"red"
"599","World","OWID_WRL",1989,"November",-0.49,"red"
"600","World","OWID_WRL",1989,"December",-0.24,"red"
"601","World","OWID_WRL",1990,"January",-0.23,"red"
"602","World","OWID_WRL",1990,"February",-0.28,"red"
"603","World","OWID_WRL",1990,"March",0.07,"blue"
"604","World","OWID_WRL",1990,"April",-0.05,"red"
"605","World","OWID_WRL",1990,"May",-0.02,"red"
"606","World","OWID_WRL",1990,"June",-0.18,"red"
"607","World","OWID_WRL",1990,"July",-0.08,"red"
"608","World","OWID_WRL",1990,"August",-0.17,"red"
"609","World","OWID_WRL",1990,"September",-0.23,"red"
"610","World","OWID_WRL",1990,"October",-0.16,"red"
"611","World","OWID_WRL",1990,"November",-0.12,"red"
"612","World","OWID_WRL",1990,"December",-0.15,"red"
"613","World","OWID_WRL",1991,"January",-0.17,"red"
"614","World","OWID_WRL",1991,"February",-0.12,"red"
"615","World","OWID_WRL",1991,"March",-0.25,"red"
"616","World","OWID_WRL",1991,"April",-0.12,"red"
"617","World","OWID_WRL",1991,"May",-0.18,"red"
"618","World","OWID_WRL",1991,"June",0.03,"blue"
"619","World","OWID_WRL",1991,"July",-0.05,"red"
"620","World","OWID_WRL",1991,"August",-0.14,"red"
"621","World","OWID_WRL",1991,"September",-0.2,"red"
"622","World","OWID_WRL",1991,"October",-0.35,"red"
"623","World","OWID_WRL",1991,"November",-0.36,"red"
"624","World","OWID_WRL",1991,"December",-0.34,"red"
"625","World","OWID_WRL",1992,"January",-0.21,"red"
"626","World","OWID_WRL",1992,"February",-0.25,"red"
"627","World","OWID_WRL",1992,"March",-0.25,"red"
"628","World","OWID_WRL",1992,"April",-0.42,"red"
"629","World","OWID_WRL",1992,"May",-0.34,"red"
"630","World","OWID_WRL",1992,"June",-0.32,"red"
"631","World","OWID_WRL",1992,"July",-0.46,"red"
"632","World","OWID_WRL",1992,"August",-0.49,"red"
"633","World","OWID_WRL",1992,"September",-0.61,"red"
"634","World","OWID_WRL",1992,"October",-0.6,"red"
"635","World","OWID_WRL",1992,"November",-0.62,"red"
"636","World","OWID_WRL",1992,"December",-0.46,"red"
"637","World","OWID_WRL",1993,"January",-0.31,"red"
"638","World","OWID_WRL",1993,"February",-0.31,"red"
"639","World","OWID_WRL",1993,"March",-0.36,"red"
"640","World","OWID_WRL",1993,"April",-0.33,"red"
"641","World","OWID_WRL",1993,"May",-0.3,"red"
"642","World","OWID_WRL",1993,"June",-0.3,"red"
"643","World","OWID_WRL",1993,"July",-0.35,"red"
"644","World","OWID_WRL",1993,"August",-0.38,"red"
"645","World","OWID_WRL",1993,"September",-0.52,"red"
"646","World","OWID_WRL",1993,"October",-0.43,"red"
"647","World","OWID_WRL",1993,"November",-0.54,"red"
"648","World","OWID_WRL",1993,"December",-0.35,"red"
"649","World","OWID_WRL",1994,"January",-0.4,"red"
"650","World","OWID_WRL",1994,"February",-0.64,"red"
"651","World","OWID_WRL",1994,"March",-0.42,"red"
"652","World","OWID_WRL",1994,"April",-0.28,"red"
"653","World","OWID_WRL",1994,"May",-0.35,"red"
"654","World","OWID_WRL",1994,"June",-0.25,"red"
"655","World","OWID_WRL",1994,"July",-0.28,"red"
"656","World","OWID_WRL",1994,"August",-0.38,"red"
"657","World","OWID_WRL",1994,"September",-0.24,"red"
"658","World","OWID_WRL",1994,"October",-0.29,"red"
"659","World","OWID_WRL",1994,"November",-0.25,"red"
"660","World","OWID_WRL",1994,"December",-0.27,"red"
"661","World","OWID_WRL",1995,"January",-0.13,"red"
"662","World","OWID_WRL",1995,"February",0.07,"blue"
"663","World","OWID_WRL",1995,"March",-0.24,"red"
"664","World","OWID_WRL",1995,"April",-0.12,"red"
"665","World","OWID_WRL",1995,"May",-0.24,"red"
"666","World","OWID_WRL",1995,"June",-0.09,"red"
"667","World","OWID_WRL",1995,"July",-0.1,"red"
"668","World","OWID_WRL",1995,"August",-0.11,"red"
"669","World","OWID_WRL",1995,"September",-0.2,"red"
"670","World","OWID_WRL",1995,"October",-0.2,"red"
"671","World","OWID_WRL",1995,"November",-0.22,"red"
"672","World","OWID_WRL",1995,"December",-0.34,"red"
"673","World","OWID_WRL",1996,"January",-0.36,"red"
"674","World","OWID_WRL",1996,"February",-0.22,"red"
"675","World","OWID_WRL",1996,"March",-0.31,"red"
"676","World","OWID_WRL",1996,"April",-0.34,"red"
"677","World","OWID_WRL",1996,"May",-0.37,"red"
"678","World","OWID_WRL",1996,"June",-0.32,"red"
"679","World","OWID_WRL",1996,"July",-0.21,"red"
"680","World","OWID_WRL",1996,"August",-0.11,"red"
"681","World","OWID_WRL",1996,"September",-0.33,"red"
"682","World","OWID_WRL",1996,"October",-0.44,"red"
"683","World","OWID_WRL",1996,"November",-0.22,"red"
"684","World","OWID_WRL",1996,"December",-0.25,"red"
"685","World","OWID_WRL",1997,"January",-0.37,"red"
"686","World","OWID_WRL",1997,"February",-0.31,"red"
"687","World","OWID_WRL",1997,"March",-0.17,"red"
"688","World","OWID_WRL",1997,"April",-0.33,"red"
"689","World","OWID_WRL",1997,"May",-0.25,"red"
"690","World","OWID_WRL",1997,"June",-0.08,"red"
"691","World","OWID_WRL",1997,"July",-0.17,"red"
"692","World","OWID_WRL",1997,"August",-0.13,"red"
"693","World","OWID_WRL",1997,"September",-0.06,"red"
"694","World","OWID_WRL",1997,"October",-0.05,"red"
"695","World","OWID_WRL",1997,"November",-0.02,"red"
"696","World","OWID_WRL",1997,"December",-0.05,"red"
"697","World","OWID_WRL",1998,"January",-0.05,"red"
"698","World","OWID_WRL",1998,"February",0.15,"blue"
"699","World","OWID_WRL",1998,"March",-0.04,"red"
"700","World","OWID_WRL",1998,"April",0.12,"blue"
"701","World","OWID_WRL",1998,"May",0.18,"blue"
"702","World","OWID_WRL",1998,"June",0.18,"blue"
"703","World","OWID_WRL",1998,"July",0.12,"blue"
"704","World","OWID_WRL",1998,"August",0.14,"blue"
"705","World","OWID_WRL",1998,"September",-0.05,"red"
"706","World","OWID_WRL",1998,"October",-0.18,"red"
"707","World","OWID_WRL",1998,"November",-0.24,"red"
"708","World","OWID_WRL",1998,"December",-0.09,"red"
"709","World","OWID_WRL",1999,"January",-0.23,"red"
"710","World","OWID_WRL",1999,"February",-0.05,"red"
"711","World","OWID_WRL",1999,"March",-0.39,"red"
"712","World","OWID_WRL",1999,"April",-0.3,"red"
"713","World","OWID_WRL",1999,"May",-0.3,"red"
"714","World","OWID_WRL",1999,"June",-0.23,"red"
"715","World","OWID_WRL",1999,"July",-0.2,"red"
"716","World","OWID_WRL",1999,"August",-0.24,"red"
"717","World","OWID_WRL",1999,"September",-0.2,"red"
"718","World","OWID_WRL",1999,"October",-0.3,"red"
"719","World","OWID_WRL",1999,"November",-0.3,"red"
"720","World","OWID_WRL",1999,"December",-0.22,"red"
"721","World","OWID_WRL",2000,"January",-0.39,"red"
"722","World","OWID_WRL",2000,"February",-0.14,"red"
"723","World","OWID_WRL",2000,"March",-0.22,"red"
"724","World","OWID_WRL",2000,"April",-0.08,"red"
"725","World","OWID_WRL",2000,"May",-0.22,"red"
"726","World","OWID_WRL",2000,"June",-0.24,"red"
"727","World","OWID_WRL",2000,"July",-0.24,"red"
"728","World","OWID_WRL",2000,"August",-0.18,"red"
"729","World","OWID_WRL",2000,"September",-0.24,"red"
"730","World","OWID_WRL",2000,"October",-0.4,"red"
"731","World","OWID_WRL",2000,"November",-0.35,"red"
"732","World","OWID_WRL",2000,"December",-0.34,"red"
"733","World","OWID_WRL",2001,"January",-0.23,"red"
"734","World","OWID_WRL",2001,"February",-0.28,"red"
"735","World","OWID_WRL",2001,"March",-0.16,"red"
"736","World","OWID_WRL",2001,"April",-0.15,"red"
"737","World","OWID_WRL",2001,"May",-0.05,"red"
"738","World","OWID_WRL",2001,"June",-0.11,"red"
"739","World","OWID_WRL",2001,"July",-0.02,"red"
"740","World","OWID_WRL",2001,"August",-0.05,"red"
"741","World","OWID_WRL",2001,"September",-0.08,"red"
"742","World","OWID_WRL",2001,"October",-0.11,"red"
"743","World","OWID_WRL",2001,"November",0.1,"blue"
"744","World","OWID_WRL",2001,"December",0.03,"blue"
"745","World","OWID_WRL",2002,"January",0.1,"blue"
"746","World","OWID_WRL",2002,"February",-0.01,"red"
"747","World","OWID_WRL",2002,"March",0.19,"blue"
"748","World","OWID_WRL",2002,"April",-0.06,"red"
"749","World","OWID_WRL",2002,"May",0.08,"blue"
"750","World","OWID_WRL",2002,"June",0.02,"blue"
"751","World","OWID_WRL",2002,"July",0.03,"blue"
"752","World","OWID_WRL",2002,"August",-0.05,"red"
"753","World","OWID_WRL",2002,"September",0.01,"blue"
"754","World","OWID_WRL",2002,"October",-0.08,"red"
"755","World","OWID_WRL",2002,"November",-0.05,"red"
"756","World","OWID_WRL",2002,"December",-0.12,"red"
"757","World","OWID_WRL",2003,"January",0.11,"blue"
"758","World","OWID_WRL",2003,"February",-0.09,"red"
"759","World","OWID_WRL",2003,"March",-0.17,"red"
"760","World","OWID_WRL",2003,"April",-0.12,"red"
"761","World","OWID_WRL",2003,"May",-0.01,"red"
"762","World","OWID_WRL",2003,"June",-0.14,"red"
"763","World","OWID_WRL",2003,"July",-0.05,"red"
"764","World","OWID_WRL",2003,"August",0.05,"blue"
"765","World","OWID_WRL",2003,"September",0.07,"blue"
"766","World","OWID_WRL",2003,"October",0.1,"blue"
"767","World","OWID_WRL",2003,"November",-0.04,"red"
"768","World","OWID_WRL",2003,"December",0.18,"blue"
"769","World","OWID_WRL",2004,"January",-0.04,"red"
"770","World","OWID_WRL",2004,"February",0.03,"blue"
"771","World","OWID_WRL",2004,"March",-0.01,"red"
"772","World","OWID_WRL",2004,"April",-0.01,"red"
"773","World","OWID_WRL",2004,"May",-0.21,"red"
"774","World","OWID_WRL",2004,"June",-0.09,"red"
"775","World","OWID_WRL",2004,"July",-0.28,"red"
"776","World","OWID_WRL",2004,"August",-0.16,"red"
"777","World","OWID_WRL",2004,"September",-0.04,"red"
"778","World","OWID_WRL",2004,"October",0.01,"blue"
"779","World","OWID_WRL",2004,"November",0.07,"blue"
"780","World","OWID_WRL",2004,"December",-0.1,"red"
"781","World","OWID_WRL",2005,"January",0.15,"blue"
"782","World","OWID_WRL",2005,"February",0.01,"blue"
"783","World","OWID_WRL",2005,"March",0.09,"blue"
"784","World","OWID_WRL",2005,"April",0.07,"blue"
"785","World","OWID_WRL",2005,"May",0.07,"blue"
"786","World","OWID_WRL",2005,"June",0.08,"blue"
"787","World","OWID_WRL",2005,"July",0.08,"blue"
"788","World","OWID_WRL",2005,"August",0.03,"blue"
"789","World","OWID_WRL",2005,"September",0.13,"blue"
"790","World","OWID_WRL",2005,"October",0.17,"blue"
"791","World","OWID_WRL",2005,"November",0.13,"blue"
"792","World","OWID_WRL",2005,"December",0.1,"blue"
"793","World","OWID_WRL",2006,"January",-0.04,"red"
"794","World","OWID_WRL",2006,"February",0.09,"blue"
"795","World","OWID_WRL",2006,"March",-0.01,"red"
"796","World","OWID_WRL",2006,"April",-0.07,"red"
"797","World","OWID_WRL",2006,"May",-0.07,"red"
"798","World","OWID_WRL",2006,"June",0.08,"blue"
"799","World","OWID_WRL",2006,"July",0,"blue"
"800","World","OWID_WRL",2006,"August",0.07,"blue"
"801","World","OWID_WRL",2006,"September",0.05,"blue"
"802","World","OWID_WRL",2006,"October",0.14,"blue"
"803","World","OWID_WRL",2006,"November",0.1,"blue"
"804","World","OWID_WRL",2006,"December",0.2,"blue"
"805","World","OWID_WRL",2007,"January",0.36,"blue"
"806","World","OWID_WRL",2007,"February",0.09,"blue"
"807","World","OWID_WRL",2007,"March",0,"blue"
"808","World","OWID_WRL",2007,"April",0.17,"blue"
"809","World","OWID_WRL",2007,"May",0.08,"blue"
"810","World","OWID_WRL",2007,"June",-0.02,"red"
"811","World","OWID_WRL",2007,"July",0.01,"blue"
"812","World","OWID_WRL",2007,"August",-0.02,"red"
"813","World","OWID_WRL",2007,"September",-0.09,"red"
"814","World","OWID_WRL",2007,"October",-0.01,"red"
"815","World","OWID_WRL",2007,"November",-0.04,"red"
"816","World","OWID_WRL",2007,"December",-0.09,"red"
"817","World","OWID_WRL",2008,"January",-0.33,"red"
"818","World","OWID_WRL",2008,"February",-0.32,"red"
"819","World","OWID_WRL",2008,"March",0.02,"blue"
"820","World","OWID_WRL",2008,"April",-0.13,"red"
"821","World","OWID_WRL",2008,"May",-0.11,"red"
"822","World","OWID_WRL",2008,"June",-0.2,"red"
"823","World","OWID_WRL",2008,"July",-0.02,"red"
"824","World","OWID_WRL",2008,"August",-0.08,"red"
"825","World","OWID_WRL",2008,"September",-0.03,"red"
"826","World","OWID_WRL",2008,"October",0.04,"blue"
"827","World","OWID_WRL",2008,"November",0.05,"blue"
"828","World","OWID_WRL",2008,"December",-0.04,"red"
"829","World","OWID_WRL",2009,"January",0.06,"blue"
"830","World","OWID_WRL",2009,"February",-0.03,"red"
"831","World","OWID_WRL",2009,"March",-0.12,"red"
"832","World","OWID_WRL",2009,"April",-0.06,"red"
"833","World","OWID_WRL",2009,"May",0,"blue"
"834","World","OWID_WRL",2009,"June",0,"blue"
"835","World","OWID_WRL",2009,"July",0.14,"blue"
"836","World","OWID_WRL",2009,"August",0.04,"blue"
"837","World","OWID_WRL",2009,"September",0.1,"blue"
"838","World","OWID_WRL",2009,"October",0.08,"blue"
"839","World","OWID_WRL",2009,"November",0.14,"blue"
"840","World","OWID_WRL",2009,"December",0.07,"blue"
"841","World","OWID_WRL",2010,"January",0.19,"blue"
"842","World","OWID_WRL",2010,"February",0.22,"blue"
"843","World","OWID_WRL",2010,"March",0.27,"blue"
"844","World","OWID_WRL",2010,"April",0.25,"blue"
"845","World","OWID_WRL",2010,"May",0.2,"blue"
"846","World","OWID_WRL",2010,"June",0.09,"blue"
"847","World","OWID_WRL",2010,"July",0.05,"blue"
"848","World","OWID_WRL",2010,"August",0.05,"blue"
"849","World","OWID_WRL",2010,"September",0.1,"blue"
"850","World","OWID_WRL",2010,"October",0.12,"blue"
"851","World","OWID_WRL",2010,"November",0.13,"blue"
"852","World","OWID_WRL",2010,"December",-0.1,"red"
"853","World","OWID_WRL",2011,"January",-0.09,"red"
"854","World","OWID_WRL",2011,"February",-0.18,"red"
"855","World","OWID_WRL",2011,"March",-0.06,"red"
"856","World","OWID_WRL",2011,"April",0.01,"blue"
"857","World","OWID_WRL",2011,"May",-0.04,"red"
"858","World","OWID_WRL",2011,"June",0.02,"blue"
"859","World","OWID_WRL",2011,"July",0.14,"blue"
"860","World","OWID_WRL",2011,"August",0.11,"blue"
"861","World","OWID_WRL",2011,"September",0.05,"blue"
"862","World","OWID_WRL",2011,"October",0.03,"blue"
"863","World","OWID_WRL",2011,"November",-0.09,"red"
"864","World","OWID_WRL",2011,"December",-0.04,"red"
"865","World","OWID_WRL",2012,"January",-0.17,"red"
"866","World","OWID_WRL",2012,"February",-0.18,"red"
"867","World","OWID_WRL",2012,"March",-0.14,"red"
"868","World","OWID_WRL",2012,"April",0.05,"blue"
"869","World","OWID_WRL",2012,"May",0.17,"blue"
"870","World","OWID_WRL",2012,"June",0.12,"blue"
"871","World","OWID_WRL",2012,"July",0.04,"blue"
"872","World","OWID_WRL",2012,"August",0.08,"blue"
"873","World","OWID_WRL",2012,"September",0.11,"blue"
"874","World","OWID_WRL",2012,"October",0.22,"blue"
"875","World","OWID_WRL",2012,"November",0.2,"blue"
"876","World","OWID_WRL",2012,"December",-0.03,"red"
"877","World","OWID_WRL",2013,"January",0.15,"blue"
"878","World","OWID_WRL",2013,"February",0.02,"blue"
"879","World","OWID_WRL",2013,"March",0.02,"blue"
"880","World","OWID_WRL",2013,"April",-0.04,"red"
"881","World","OWID_WRL",2013,"May",0.02,"blue"
"882","World","OWID_WRL",2013,"June",0.11,"blue"
"883","World","OWID_WRL",2013,"July",-0.03,"red"
"884","World","OWID_WRL",2013,"August",0.05,"blue"
"885","World","OWID_WRL",2013,"September",0.17,"blue"
"886","World","OWID_WRL",2013,"October",0.05,"blue"
"887","World","OWID_WRL",2013,"November",0.15,"blue"
"888","World","OWID_WRL",2013,"December",0.13,"blue"
"889","World","OWID_WRL",2014,"January",0.13,"blue"
"890","World","OWID_WRL",2014,"February",-0.1,"red"
"891","World","OWID_WRL",2014,"March",0.09,"blue"
"892","World","OWID_WRL",2014,"April",0.11,"blue"
"893","World","OWID_WRL",2014,"May",0.18,"blue"
"894","World","OWID_WRL",2014,"June",0.07,"blue"
"895","World","OWID_WRL",2014,"July",0.06,"blue"
"896","World","OWID_WRL",2014,"August",0.14,"blue"
"897","World","OWID_WRL",2014,"September",0.18,"blue"
"898","World","OWID_WRL",2014,"October",0.16,"blue"
"899","World","OWID_WRL",2014,"November",0.05,"blue"
"900","World","OWID_WRL",2014,"December",0.19,"blue"
"901","World","OWID_WRL",2015,"January",0.19,"blue"
"902","World","OWID_WRL",2015,"February",0.2,"blue"
"903","World","OWID_WRL",2015,"March",0.23,"blue"
"904","World","OWID_WRL",2015,"April",0.06,"blue"
"905","World","OWID_WRL",2015,"May",0.18,"blue"
"906","World","OWID_WRL",2015,"June",0.19,"blue"
"907","World","OWID_WRL",2015,"July",0.15,"blue"
"908","World","OWID_WRL",2015,"August",0.24,"blue"
"909","World","OWID_WRL",2015,"September",0.27,"blue"
"910","World","OWID_WRL",2015,"October",0.44,"blue"
"911","World","OWID_WRL",2015,"November",0.39,"blue"
"912","World","OWID_WRL",2015,"December",0.54,"blue"
"913","World","OWID_WRL",2016,"January",0.55,"blue"
"914","World","OWID_WRL",2016,"February",0.69,"blue"
"915","World","OWID_WRL",2016,"March",0.63,"blue"
"916","World","OWID_WRL",2016,"April",0.53,"blue"
"917","World","OWID_WRL",2016,"May",0.42,"blue"
"918","World","OWID_WRL",2016,"June",0.26,"blue"
"919","World","OWID_WRL",2016,"July",0.36,"blue"
"920","World","OWID_WRL",2016,"August",0.4,"blue"
"921","World","OWID_WRL",2016,"September",0.36,"blue"
"922","World","OWID_WRL",2016,"October",0.34,"blue"
"923","World","OWID_WRL",2016,"November",0.4,"blue"
"924","World","OWID_WRL",2016,"December",0.34,"blue"
"925","World","OWID_WRL",2017,"January",0.4,"blue"
"926","World","OWID_WRL",2017,"February",0.5,"blue"
"927","World","OWID_WRL",2017,"March",0.5,"blue"
"928","World","OWID_WRL",2017,"April",0.33,"blue"
"929","World","OWID_WRL",2017,"May",0.37,"blue"
"930","World","OWID_WRL",2017,"June",0.2,"blue"
"931","World","OWID_WRL",2017,"July",0.26,"blue"
"932","World","OWID_WRL",2017,"August",0.3,"blue"
"933","World","OWID_WRL",2017,"September",0.28,"blue"
"934","World","OWID_WRL",2017,"October",0.36,"blue"
"935","World","OWID_WRL",2017,"November",0.25,"blue"
"936","World","OWID_WRL",2017,"December",0.37,"blue"
"937","World","OWID_WRL",2018,"January",0.24,"blue"
"938","World","OWID_WRL",2018,"February",0.26,"blue"
"939","World","OWID_WRL",2018,"March",0.27,"blue"
"940","World","OWID_WRL",2018,"April",0.31,"blue"
"941","World","OWID_WRL",2018,"May",0.25,"blue"
"942","World","OWID_WRL",2018,"June",0.22,"blue"
"943","World","OWID_WRL",2018,"July",0.28,"blue"
"944","World","OWID_WRL",2018,"August",0.21,"blue"
"945","World","OWID_WRL",2018,"September",0.2,"blue"
"946","World","OWID_WRL",2018,"October",0.35,"blue"
"947","World","OWID_WRL",2018,"November",0.24,"blue"
"948","World","OWID_WRL",2018,"December",0.33,"blue"
"949","World","OWID_WRL",2019,"January",0.28,"blue"
"950","World","OWID_WRL",2019,"February",0.31,"blue"
"951","World","OWID_WRL",2019,"March",0.51,"blue"
"952","World","OWID_WRL",2019,"April",0.44,"blue"
"953","World","OWID_WRL",2019,"May",0.36,"blue"
"954","World","OWID_WRL",2019,"June",0.37,"blue"
"955","World","OWID_WRL",2019,"July",0.4,"blue"
"956","World","OWID_WRL",2019,"August",0.36,"blue"
"957","World","OWID_WRL",2019,"September",0.38,"blue"
"958","World","OWID_WRL",2019,"October",0.45,"blue"
"959","World","OWID_WRL",2019,"November",0.4,"blue"
"960","World","OWID_WRL",2019,"December",0.54,"blue"
"961","World","OWID_WRL",2020,"January",0.58,"blue"
"962","World","OWID_WRL",2020,"February",0.6,"blue"
"963","World","OWID_WRL",2020,"March",0.49,"blue"
"964","World","OWID_WRL",2020,"April",0.52,"blue"
"965","World","OWID_WRL",2020,"May",0.47,"blue"
"966","World","OWID_WRL",2020,"June",0.36,"blue"
"967","World","OWID_WRL",2020,"July",0.32,"blue"
"968","World","OWID_WRL",2020,"August",0.27,"blue"
"969","World","OWID_WRL",2020,"September",0.43,"blue"
"970","World","OWID_WRL",2020,"October",0.38,"blue"
"971","World","OWID_WRL",2020,"November",0.54,"blue"
"972","World","OWID_WRL",2020,"December",0.23,"blue"
"973","World","OWID_WRL",2021,"January",0.24,"blue"
"974","World","OWID_WRL",2021,"February",0.06,"blue"
"975","World","OWID_WRL",2021,"March",0.19,"blue"
"976","World","OWID_WRL",2021,"April",0.19,"blue"
"977","World","OWID_WRL",2021,"May",0.26,"blue"
"978","World","OWID_WRL",2021,"June",0.21,"blue"
"979","World","OWID_WRL",2021,"July",0.33,"blue"
"980","World","OWID_WRL",2021,"August",0.31,"blue"
"981","World","OWID_WRL",2021,"September",0.4,"blue"
"982","World","OWID_WRL",2021,"October",0.42,"blue"
"983","World","OWID_WRL",2021,"November",0.35,"blue"
"984","World","OWID_WRL",2021,"December",0.32,"blue"
"985","World","OWID_WRL",2022,"January",0.28,"blue"
"986","World","OWID_WRL",2022,"February",0.23,"blue"
"987","World","OWID_WRL",2022,"March",0.39,"blue"
"988","World","OWID_WRL",2022,"April",0.28,"blue"
"989","World","OWID_WRL",2022,"May",0.26,"blue"
"990","World","OWID_WRL",2022,"June",0.31,"blue"
"991","World","OWID_WRL",2022,"July",0.38,"blue"
"992","World","OWID_WRL",2022,"August",0.3,"blue"
"993","World","OWID_WRL",2022,"September",0.35,"blue"
"994","World","OWID_WRL",2022,"October",0.41,"blue"
"995","World","OWID_WRL",2022,"November",0.16,"blue"
"996","World","OWID_WRL",2022,"December",0.27,"blue"
"997","World","OWID_WRL",2023,"January",0.25,"blue"
"998","World","OWID_WRL",2023,"February",0.29,"blue"
"999","World","OWID_WRL",2023,"March",0.51,"blue"
"1000","World","OWID_WRL",2023,"April",0.32,"blue"
"1001","World","OWID_WRL",2023,"May",0.4,"blue"
"1002","World","OWID_WRL",2023,"June",0.53,"blue"
"1003","World","OWID_WRL",2023,"July",0.72,"blue"
"1004","World","OWID_WRL",2023,"August",0.71,"blue"
"1005","World","OWID_WRL",2023,"September",0.93,"blue"
"1006","World","OWID_WRL",2023,"October",0.85,"blue"
"1007","World","OWID_WRL",2023,"November",0.85,"blue"
"1008","World","OWID_WRL",2023,"December",0.84,"blue"
"1009","World","OWID_WRL",2024,"January",0.7,"blue"
"1010","World","OWID_WRL",2024,"February",0.81,"blue"
"1011","World","OWID_WRL",2024,"March",0.73,"blue"
"1012","World","OWID_WRL",2024,"April",0.67,"blue"
"1013","World","OWID_WRL",2024,"May",0.65,"blue"
"1014","World","OWID_WRL",2024,"June",0.67,"blue"
"1015","World","OWID_WRL",2024,"July",0.68,"blue"
"1016","World","OWID_WRL",2024,"August",0.71,"blue"
"1017","World","OWID_WRL",2024,"September",0.73,"blue"
"1018","World","OWID_WRL",2024,"October",0.8,"blue"
"1019","World","OWID_WRL",2024,"November",0.73,"blue"
"1020","World","OWID_WRL",2024,"December",0.76,"blue"
"1021","World","OWID_WRL",2025,"January",0.79,"blue"
"1022","World","OWID_WRL",2025,"February",0.63,"blue"
"1023","World","OWID_WRL",2025,"March",0.65,"blue"
"1024","World","OWID_WRL",2025,"April",NA,NA
"1025","World","OWID_WRL",2025,"May",NA,NA
"1026","World","OWID_WRL",2025,"June",NA,NA
"1027","World","OWID_WRL",2025,"July",NA,NA
"1028","World","OWID_WRL",2025,"August",NA,NA
"1029","World","OWID_WRL",2025,"September",NA,NA
"1030","World","OWID_WRL",2025,"October",NA,NA
"1031","World","OWID_WRL",2025,"November",NA,NA
"1032","World","OWID_WRL",2025,"December",NA,NA
